{
  "buyer_id": {
    "precision": 0.5,
    "recall": 0.2,
    "f1-score": 0.28571428571428575,
    "support": 5,
    "confused_with": {
      "sale_id": 2,
      "item_id": 1,
      "farmer_id": 1
    }
  },
  "item_price": {
    "precision": 0.0,
    "recall": 0.0,
    "f1-score": 0.0,
    "support": 5,
    "confused_with": {}
  },
  "item_id": {
    "precision": 0.7692307692307693,
    "recall": 0.7142857142857143,
    "f1-score": 0.7407407407407408,
    "support": 14,
    "confused_with": {
      "sale_id": 4
    }
  },
  "farmer_id": {
    "precision": 0.8333333333333334,
    "recall": 1.0,
    "f1-score": 0.9090909090909091,
    "support": 5,
    "confused_with": {}
  },
  "name": {
    "precision": 1.0,
    "recall": 0.5,
    "f1-score": 0.6666666666666666,
    "support": 6,
    "confused_with": {}
  },
  "item_name": {
    "precision": 0.8571428571428571,
    "recall": 0.5454545454545454,
    "f1-score": 0.6666666666666665,
    "support": 11,
    "confused_with": {}
  },
  "sale_id": {
    "precision": 0.65,
    "recall": 0.8666666666666667,
    "f1-score": 0.7428571428571429,
    "support": 15,
    "confused_with": {
      "item_id": 1,
      "buyer_id": 1
    }
  },
  "item_quantity": {
    "precision": 0.0,
    "recall": 0.0,
    "f1-score": 0.0,
    "support": 5,
    "confused_with": {
      "item_price": 2,
      "sale_id": 1,
      "item_name": 1
    }
  },
  "micro avg": {
    "precision": 0.7169811320754716,
    "recall": 0.5757575757575758,
    "f1-score": 0.6386554621848739,
    "support": 66
  },
  "macro avg": {
    "precision": 0.57621336996337,
    "recall": 0.47830086580086584,
    "f1-score": 0.5014670514670514,
    "support": 66
  },
  "weighted avg": {
    "precision": 0.6456737706737707,
    "recall": 0.5757575757575758,
    "f1-score": 0.5881907094028306,
    "support": 66
  },
  "accuracy": 0.9253333333333333
}